annotation_uuid,embedding_0,embedding_1,identity,path,bbox,viewpoint,pred_viewpoint,suspicion_score
5745b228-f4d2-439b-b8bc-c4c5e8b28514,-0.03273241,0.01477845,phs044_left,images_original/phs044__7.png,"[155, 329, 2131, 1013]",left,right,1.0
b1b10467-3305-45ce-b54c-b4d2d754b8c5,-0.023513038,0.007881099,phs038_left,images_original/phs038__606c0cc3-c0b5-3ab8-8cce-e93e3f500727.png,"[39, 35, 511, 205]",left,right,1.0
7b761827-3c2b-4b28-9912-02a155afaf21,-0.034507934,0.014256548,phs042_left,images_original/phs042__4.png,"[544, 650, 1460, 565]",left,right,1.0
f5532ca8-a842-4055-b282-1a28a0e1f7f9,0.005033555,0.010679019,phs044_left,images_original/phs044__916940bf-7756-3f43-acd3-d54093e33e06.png,"[22, 8, 719, 252]",left,right,1.0
d3a2e65d-ea22-45ce-946d-e75752a301c4,0.007946236,-0.023040429,phs219_right,images_original/phs219__ba1d6c9c-3229-4cd8-b875-216882de8b57.png,"[168, 168, 2140, 667]",right,left,1.0
9ff5ec0b-7727-460d-9c47-ba4ac94bb8c7,-0.011168443,0.016224343,phs047_left,images_original/phs047__aa607bda-299a-49b4-b970-4cb354053f32.png,"[105, 257, 2308, 797]",left,right,1.0
7bafcacb-de8d-467d-86fe-7bbfd3b383a2,-0.031430226,0.017236121,phs051_left,images_original/phs051__18.png,"[88, 97, 2362, 775]",left,right,1.0
c7ff2967-72f7-48e1-9dbd-9822f5f657c3,-0.025535101,0.006035348,phs052_left,images_original/phs052__12.png,"[188, 653, 2052, 792]",left,right,1.0
894544f0-2a4d-412e-bce0-72555ba8cda8,-0.02776341,0.007847558,phs052_left,images_original/phs052__b7b7a842-c5af-4ead-8a14-b2f5bbe5aff8.png,"[36, 231, 2041, 817]",left,right,1.0
3ea19f09-dd20-4ad3-92d4-358bfcc8075b,-0.012768007,0.0014887569,phs216_left,images_original/phs216__888504a2-d7a9-46dc-b7ce-065380c04c80.png,"[46, 64, 1364, 541]",left,right,1.0
161a9e75-f906-4e71-8e8b-19a840419be6,0.00796896,-0.019717017,phs198_right,images_original/phs198__4080c11f-9735-485f-b8ee-e18ad52bb256.png,"[91, 187, 2543, 1177]",right,left,1.0
c8f7929b-d6de-48db-bdb8-be91786106b2,0.0017785305,-0.018555436,phs083_right,images_original/phs083__347255b4-2915-4295-9d48-32e10a047e1d.png,"[32, 121, 2439, 619]",right,left,1.0
9e55ec69-234b-4ce6-9ec4-19dba799b1c1,0.0064056823,-0.025300028,phs187_right,images_original/phs187__27.png,"[269, 590, 2067, 608]",right,left,1.0
d0d41567-a739-4eb2-92c9-cd1c8296887a,0.0054380605,0.015162082,phs090_left,images_original/phs090__c37c87b6-e67a-4dc5-9a17-66e9491f2e1d.png,"[310, 160, 2045, 1326]",left,right,1.0
4f28a869-e220-417a-ac38-daaba557997a,0.011135697,-0.011169895,phs164_right,images_original/phs164__eb5d6554-b89b-4544-8a72-07549c736f4f.png,"[0, 90, 2590, 796]",right,left,1.0
1e74e959-b9d1-458e-8383-7166584eaf20,0.003509545,-0.014860755,phs141_right,images_original/phs141__f73e3f85-f5d8-4982-8281-bb86ef990522.png,"[0, 342, 2745, 1102]",right,left,1.0
5b74df3e-cc52-408f-bd76-ad2b4a3dafac,0.0038616357,-0.0270928,phs125_right,images_original/phs125__5.png,"[454, 657, 1786, 690]",right,left,1.0
1912f0ab-5902-46c3-af26-4a0babdbff80,0.0039894534,-0.024691155,phs098_right,images_original/phs098__f2e767e2-c26c-4ff6-85e5-7409ee3a088f.png,"[134, 170, 2210, 709]",right,left,1.0
5870b073-a8d1-451a-9346-7a41b0b2f034,-0.020085925,0.011648717,phs100_left,images_original/phs100__91f102ee-2c37-4e7d-a390-ef8b9caf42b3.png,"[23, 339, 2102, 1257]",left,right,1.0
f70321ee-8d54-413e-83f4-1dc564516489,0.015910212,-0.027443916,phs116_right,images_original/phs116__730a8514-656f-386b-900f-4ba416f57747.png,"[25, 24, 959, 238]",right,left,1.0
058babc3-eadf-4280-939e-54fda87f5223,0.019402152,0.020714693,phs101_left,images_original/phs101__3d2a7e67-8232-42e8-8e9b-274788c0e7dc.png,"[462, 205, 1220, 1401]",left,right,1.0
9b319f7c-d2cc-4a7e-8284-e19c2772eb25,0.0027274294,-0.0098574115,phs221_right,images_original/phs221__0886918e-4d1b-45fc-a1c4-f8264b00e611.png,"[40, 31, 2629, 586]",right,left,1.0
5b09357d-363a-4649-9cf9-df2d5517fcc5,0.0016647198,-0.017648729,phs106_right,images_original/phs106__47d75e85-c317-45fb-a0f9-d2775d308961.png,"[13, 52, 1047, 327]",right,left,1.0
cd90dcc3-3d44-4d4c-9813-494d75f9d31e,-0.018782655,0.00747934,phs022-left,images_original/phs022__239bde30-4820-3c1c-b3d2-81a62badfe4b.png,"[158, 257, 350, 110]",left,right,1.0
9c2d2644-74b2-43fe-a492-7ad6d99df47e,-0.019795833,0.0049410374,phs023_left,images_original/phs023__24f4bb10-43e1-3dcb-8cda-9fd8fda87a22.png,"[8, 4, 613, 156]",left,right,1.0
4434b86f-4151-4552-bd9d-3684ae39f61c,0.0053026793,0.01959421,phs014_left,images_original/phs014__befa7978-a6a9-31f4-960c-39b2683fd799.png,"[222, 454, 526, 224]",left,right,1.0
f196baa8-a7de-4b1c-97b4-bfdf23329747,-0.022205805,0.007474284,phs017-left,images_original/phs017__d84c7a9c-7fd2-4402-85c4-72dcf0f4e098.png,"[427, 641, 1618, 601]",left,right,1.0
3d22f036-f27f-4eaa-b4c7-610ce74f9959,0.00039626495,-0.023930823,phs269_right,images_original/phs269__7a0685d0-f191-484d-b478-f04bb06d2582.png,"[27, 133, 2620, 623]",right,left,1.0
be53604a-cadb-4b0b-881d-7c6bba4fcfce,-0.016832972,0.008433078,phs022-left,images_original/phs022__140219ae-314f-4b09-9394-169de674490e.png,"[607, 551, 1633, 710]",left,right,1.0
56d43a00-229d-43b1-ba26-f4772eaca991,0.0041828784,-0.02018335,phs237_right,images_original/phs237__3.png,"[463, 667, 1551, 631]",right,left,1.0
4cefe065-f371-4564-8a78-ca8d0bcee9cb,0.0025861526,0.01821344,phs022_left,images_original/phs022__ac42a0a9-d09a-3f08-86e0-f027f04b97ac.png,"[724, 718, 2132, 1573]",left,right,1.0
3f2a8500-8d46-455e-9a1d-0d662b71dbc6,0.0115211895,0.013726722,phs359_left,images_original/phs359__11.png,"[88, 392, 4007, 2703]",left,right,1.0
a9a2e9fa-fcc2-4fe9-b0f3-aeb00bcf4895,0.0020990279,-0.030166203,phs012-right,images_original/phs012__6404574a-7983-4789-9f1a-0735f7900e5f.png,"[169, 461, 2490, 980]",right,left,1.0
d93f4a17-d443-4508-9777-bbdc098110f1,0.016674792,-0.003424537,phs229_right,images_original/phs229__1fbf709e-139a-4c9e-9b1a-eb5be4c3ae0e.png,"[87, 74, 2106, 876]",right,left,1.0
667588d7-1bb1-454b-b010-3ec42734c0d6,0.020088773,0.017587097,phs221_left,images_original/phs221__b554fc4a-a2ab-4c50-95de-8be9e2216dce.png,"[194, 180, 2375, 1238]",left,right,1.0
82b51fbb-fc89-4a88-8588-db32a4d55542,-0.014017461,0.015399991,phs389_left,images_original/phs389__cdb26496-c5c5-43eb-b757-51c03f1e8ad1-master.jpg,"[108, 456, 2157, 806]",left,right,1.0
3c8f4880-131b-4f39-838c-028962da4821,0.018892668,0.00094368664,phs023-right,images_original/phs023__7025e3bd-bdfd-4029-a6c0-5929ff673715.png,"[123, 238, 530, 187]",right,left,0.9584386032700452
e0991321-b8b3-4edf-8cc8-af75037d3931,0.009592245,-0.018645905,phs383_right,images_original/phs383__9529fdb0-d072-4767-9334-7cfee3d604d3.png,"[152, 267, 2384, 1055]",right,left,0.9446710118385433
b9c388ef-91c7-4916-b30c-6644c1b46e92,-0.013354332,0.007908783,phs060_left,images_original/phs060__432dd29d-3acb-4b8b-86f1-fe89c6f1473c.png,"[224, 226, 1814, 805]",left,right,0.9180020205082631
632cb7ff-7071-4844-9821-37bb18e8fdb6,0.023757586,0.0018708905,phs243_right,images_original/phs243__b2a4dcb0-4d37-4b39-9855-18232b960255.png,"[189, 267, 2354, 1282]",right,left,0.9149636603473984
9f58de1f-cb8f-424f-ab19-b98f792b69a4,0.0028602323,0.020237656,phs229_left,images_original/phs229__4efe2a2f-063d-406b-a254-dc8b418e3d68.png,"[205, 173, 2272, 943]",left,right,0.9062566709437829
7779a5ab-7f3b-457f-8431-597e4eb3dc2d,0.009441086,-0.018768921,phs160_right,images_original/phs160__11.png,"[147, 78, 2475, 701]",right,left,0.90020259467793
c05c4b2a-bec6-4837-b37c-a14df2f45c2b,-0.009554189,0.012213298,phs221_left,images_original/phs221__37dbe9d3-8c9b-4d71-9097-6e1209c8ccb3.png,"[0, 21, 3826, 2377]",left,right,0.9001634273687705
e3b3d9ab-6741-4db9-bd4e-65ad0977e8c4,-0.015787737,-0.016965196,phs001_right,images_original/phs001__21.png,"[0, 608, 4055, 2463]",right,left,0.8964185215762593
8baec11d-5cba-4b3d-a16c-e694b178e511,-0.004828575,0.005549307,phs179_left,images_original/phs179__0.png,"[51, 807, 1953, 578]",left,right,0.8939097494879464
c260e3cd-69c5-4b99-9752-c3fb48f57618,-0.00681017,0.0075004916,phs033-left,images_original/phs033__5d68a39d-6510-45cd-b645-09f41eda4eaf.png,"[0, 310, 2244, 825]",left,right,0.8883227407303138
0820e54a-8da1-4a8c-93a3-bb44ed1df91d,-0.011042431,0.014065612,phs198_left,images_original/phs198__7.png,"[0, 462, 2101, 920]",left,right,0.8873734419403045
b3d5db94-1f85-4a96-8e49-e6a042b79e35,0.0031322532,-0.02149598,phs083_right,images_original/phs083__aa2ff006-d493-41dc-a37a-57ace12f39cb.png,"[126, 510, 2381, 802]",right,left,0.8842639255912956
bb0e50b1-a12c-489a-92a1-59f6913381c8,-0.029190134,0.009181063,phs028-left,images_original/phs028__e9a264ea-a217-340b-92df-5c0d6011c8b0.png,"[193, 119, 1197, 808]",left,right,0.8808882783570652
841dbef8-f462-44db-86ba-5bf4c1a4d801,0.009551688,-0.00835783,phs174_right,images_original/phs174__a0b81823-6ea5-45eb-9b47-23efd632e8b8.png,"[230, 387, 2291, 996]",right,left,0.880759379980415
61fa3f0e-db3d-43ef-9d4d-cec57c30ec67,-0.0038304671,0.011447656,phs014-left,images_original/phs014__8b1d7285-2ce0-4306-bc00-031e9ee4bc00.png,"[571, 989, 1712, 385]",left,right,0.8792243677528799
9ed9bc11-6b3d-47af-84a8-3f19a6e30da2,0.0041967477,-0.02225594,phs007-right,images_original/phs007__fa371f32-f93d-436b-b187-550fbd23b9c7.png,"[474, 754, 1860, 628]",right,left,0.8791373085780044
1e302d0b-cbd9-405e-a29c-9b893739e0bb,0.009865216,0.008695981,phs087_left,images_original/phs087__7031438a-83cb-34d2-8136-13d32950d3d1.png,"[41, 116, 630, 270]",left,right,0.8768461975930872
d23bbb3e-f73f-4eaa-86a4-9616e2c6196f,-0.0004531247,-0.01330299,phs026-right,images_original/phs026__e0fae736-7bc3-4864-ab6b-5c46238faa35.png,"[18, 8, 1775, 1003]",right,left,0.8766370118639057
9d68f74d-c1d3-4773-8d7f-70c86ddda945,0.0066868905,-0.018283175,phs003-right,images_original/phs003__168cfa0e-37e3-31d6-b54f-afc6feb34658.png,"[359, 263, 1214, 416]",right,left,0.8759715747691765
1a989b3c-dac2-4996-a206-bce39954c685,-0.004262505,-0.019211791,phs003_right,images_original/phs003__4.png,"[341, 668, 2243, 581]",right,left,0.8608608145621646
9bb16ca3-6af7-4490-bdff-31761d04671d,0.013719213,0.010438763,phs100_right,images_original/phs100__a27e7194-584b-4a52-9575-5a206e62827b.png,"[449, 166, 1745, 1342]",right,left,0.8557113646663894
0a2dc7b3-5739-4126-afb4-90939db4c3d3,-0.0034241527,0.008677997,phs113_left,images_original/phs113__14.png,"[175, 394, 1492, 614]",left,right,0.8539703848355831
4c46f345-b93c-4dc8-a367-c388d216eac7,-0.00075914356,-0.015527606,phs096_right,images_original/phs096__641f85bd-d6e2-4d66-8291-7b1723f5982f.png,"[170, 288, 1597, 884]",right,left,0.850023599855407
dec4dcf7-0110-4eae-9f4b-a86191678847,-0.009454894,-0.009669418,phs428_right,images_original/phs428__01917d91-286f-4918-bdc5-e05dcf48af1b.png,"[66, 154, 2188, 958]",right,left,0.8386471703633843
ab1110ce-87f0-4928-9671-2c16da34fca8,-0.008173252,0.007556217,phs014_left,images_original/phs014__10.png,"[247, 368, 2255, 991]",left,right,0.8359632417076122
cbc2f211-a09c-487d-b5f0-e0cfb9a54240,-0.005603979,-0.015455749,phs044_right,images_original/phs044__a40f31be-4046-447b-971d-337da8283728.png,"[58, 80, 1217, 822]",right,left,0.8332902787976455
08b15b2d-70a2-4ff5-ac78-569c5908a197,0.02233073,0.0069720782,phs100_right,images_original/phs100__a45e885d-02f7-4308-95df-0c33950f1328.png,"[286, 645, 3663, 2686]",right,left,0.8329780112998211
7b1eaf40-a5ad-4e7d-9a3a-778d9b3e2ccc,-0.013515343,0.010851937,phs062_left,images_original/phs062__f35eee9a-8165-390c-93f1-7b0c2b0985f4.png,"[0, 0, 1831, 698]",left,right,0.8319044591484108
1abfaf3a-f69c-4005-a02c-29c066aca11b,0.018178752,-0.012712323,phs137_right,images_original/phs137__4a7fb6c3-93ee-489a-a207-e0f166a24169.png,"[130, 66, 1556, 723]",right,left,0.8315009913969961
38ebdbde-c71f-4c63-8b97-b3da069f3a7b,0.0039203567,-0.0053932793,phs019-right,images_original/phs019__2fa130bf-b730-4de4-b1f4-b898af9c23a0.png,"[1068, 899, 687, 241]",right,left,0.8313714869293117
c86b9856-4023-4933-b6b1-0a9b630df14b,0.02130768,0.0049437587,phs026_right,images_original/phs026__e0fae736-7bc3-4864-ab6b-5c46238faa35.png,"[18, 8, 1775, 1003]",right,left,0.8311928539661222
156d6149-c6ab-46d4-9ef9-a1d8c1afb2ea,-0.017303146,0.0041893073,phs096_left,images_original/phs096__031a7dcc-8d1c-4af3-9f57-3e49f4941996.png,"[19, 42, 1736, 740]",left,right,0.8184141250798787
dcbb6d6b-bdc9-45bc-af6b-1ddf28278c86,0.02039017,0.002256425,phs216_right,images_original/phs216__6.png,"[185, 262, 1946, 996]",right,left,0.8156273205199892
2574f9b1-9b4a-4d9b-a251-bf5e9ae02a05,0.016421763,-0.014671863,phs198_right,images_original/phs198__28.png,"[202, 489, 2191, 746]",right,left,0.8123672191792835
c6867d94-9f68-468d-9014-c2308df0c41f,-0.005244055,0.010751292,phs086_left,images_original/phs086__49043c73-412c-4e0c-85c3-c2dcc104f0bf.png,"[0, 32, 1643, 752]",left,right,0.810830583386384
93e18abb-bfcc-4101-b062-eb587aca0d75,0.00650855,-0.006349252,phs194_right,images_original/phs194__6.png,"[245, 580, 2041, 595]",right,left,0.810686765975758
eab94e74-e38a-45e8-80ed-d67a9f6a0dcf,0.019689236,0.015867062,phs205_left,images_original/phs205__c0adb166-11ce-4d9f-a42b-cbb0c45a2a44.png,"[47, 133, 1838, 610]",left,right,0.807557274727377
6817e85e-201d-4a07-9ae8-e6f9fa561432,0.012443595,-0.0065860706,phs341_right,images_original/phs341__c3b092b7-f2de-4b7b-acb3-0e6e54cb50b8.png,"[128, 190, 2661, 1351]",right,left,0.8064028342692078
b1edf1a0-9146-4b79-a777-6b90722e868e,-0.016440615,0.0045266156,phs012-left,images_original/phs012__bc6ab0eb-187e-4bae-abeb-44342e07ad8e.png,"[251, 942, 1735, 526]",left,right,0.8059171119609152
d218083a-6236-4c21-bfe6-6142dc3124aa,0.01159854,-0.0055170096,phs125_right,images_original/phs125__51.png,"[489, 563, 1974, 890]",right,left,0.7907196913282754
83add9df-fe1d-47e4-86dc-63aa296608f4,0.029862253,0.0128200445,phs174_left,images_original/phs174__37.png,"[456, 0, 1216, 553]",left,right,0.7835365342777612
e887d762-4937-4684-a1d2-673e8b0a6066,0.025893336,0.018658917,phs219_right,images_original/phs219__1d573382-c3ab-4cf9-867e-c29fbc78d66e.png,"[608, 329, 3475, 2055]",right,left,0.7804088725793541
6ceb8c61-138d-404b-9108-939d90aba48b,-0.011183189,0.0032824,phs151_left,images_original/phs151__b0658db8-d089-41a3-a05e-f884eab5d1b5.png,"[128, 8, 1734, 603]",left,right,0.7606961220775532
b3bc43ed-1a88-4afa-b4a0-8ae830462ad0,0.02086859,0.006619741,phs168_right,images_original/phs168__10.png,"[0, 145, 2389, 1612]",right,left,0.7590278776697587
7691910a-deab-439e-9faa-dcc063a62d20,-0.024442818,-0.0071175983,phs038_left,images_original/phs038__7.png,"[664, 656, 3183, 1735]",left,right,0.744034164654165
77fc17d3-ef37-4008-9628-a8e74305943e,-0.011193196,0.00686879,phs096_left,images_original/phs096__726e8d66-d0e8-4004-ac14-951ce3ff71c2.png,"[22, 81, 1697, 914]",left,right,0.7406664634562821
0e3f36ef-1291-4199-9f94-845b0e161fd1,0.0030681065,0.0026189263,phs290_right,images_original/phs290__16.png,"[654, 137, 1062, 1808]",right,left,0.7363269543595616
978f65c6-ae20-4eb3-bdc8-ce98d57c3add,0.019111168,-0.0005804086,phs341_right,images_original/phs341__4.png,"[135, 201, 2261, 1178]",right,left,0.7334699244451864
a1024e9e-0160-40ca-a149-f8f7fa6532ce,0.028749952,0.019734811,phs091_right,images_original/phs091__43.png,"[784, 840, 2991, 3215]",right,left,0.7271630486054512
1ea7d0a3-84dd-4e99-888d-274f541f416b,-0.012331809,-0.010351255,phs268_right,images_original/phs268__21415d03-6461-4b0f-bb81-b35a75dbfb9d.png,"[23, 67, 2214, 871]",right,left,0.7233546536330377
19f0c68e-1056-4b2c-a443-132061caf8e8,-0.01659914,0.0030379617,phs023-left,images_original/phs023__e37117eb-2eec-4ea0-a4bb-afd52d50c0e6.png,"[935, 750, 1857, 472]",left,right,0.7222330364207643
334903b1-6857-48ed-be85-bf22ad6f824e,-0.00094384473,-0.00101501,phs280_right,images_original/phs280__27ebe1db-cbc2-488e-85cc-bb9605e29d8b.png,"[29, 71, 1661, 423]",right,left,0.7129612860181173
06b84fba-1314-4ab4-8249-452e92707f9b,0.003114524,0.0026534821,phs022-left,images_original/phs022__294cdc47-ffcc-4dde-938d-d8df8102ee82.png,"[763, 594, 1446, 745]",left,right,0.7124758454725277
745c223f-c439-46c0-8f4c-67004f891fc4,0.002022497,0.0028669173,phs098_left,images_original/phs098__27bd1a7e-e290-48a3-8854-5b4e35bd4823.png,"[0, 285, 1442, 846]",left,right,0.7016423007227222
6f5826ef-d821-4575-b51b-5a33cc10b614,-0.021146106,-0.014354895,phs041_right,images_original/phs041__7.png,"[884, 567, 1063, 952]",right,left,0.699757781458044
b6b34545-3020-45e7-bae7-3419f06fbd96,0.0033061882,0.0061518624,phs022_left,images_original/phs022__8.png,"[752, 1216, 2959, 1535]",left,right,0.6991780678961611
1f43a0f8-0b55-4bc5-a911-9f88f39065dd,0.026595972,0.010972439,phs219_left,images_original/phs219__39.png,"[775, 266, 1516, 1417]",left,right,0.6896741715912883
c0ec8756-604b-44c9-83b4-6b1e4f8137db,0.010577012,-0.019708065,phs383_right,images_original/phs383__5.png,"[329, 434, 2384, 1062]",right,left,0.6861743284244233
b64c23a9-cbd3-4bdf-b5f4-59b667cf06c3,0.030427406,0.017668704,phs095_left,images_original/phs095__8529faaa-9e52-3352-8123-affd429e141d.png,"[80, 112, 499, 750]",left,right,0.6859498478181264
817a604c-74e1-40ae-8575-be788215b419,0.01319881,0.0021408368,phs091_right,images_original/phs091__b62fbed5-c9ce-4fe5-b1bb-24a7352b72e6.png,"[0, 392, 3763, 2527]",right,left,0.6851629175007713
a280d50c-7910-40ae-be35-8502438ce378,-0.0028211086,0.0002494868,phs374_right,images_original/phs374__14.png,"[513, 450, 1755, 905]",right,left,0.673016604760005
152ba625-2931-48bc-a5ca-e5d91f5ad048,0.0062741367,-0.0034109845,phs113_right,images_original/phs113__7.png,"[319, 523, 1765, 799]",right,left,0.6728161943462405
77991ae5-60f2-4d29-877a-beb7a0e3707d,-0.009220539,0.006164431,phs081_left,images_original/phs081__d04cc9bf-e753-4839-807a-bfa7110add68.png,"[33, 18, 1931, 662]",left,right,0.6633858635099459
0a9ac123-c7a1-445d-9b26-1f45252ad466,0.011443158,0.006386245,phs241_left,images_original/phs241__9d45c0d5-0110-4496-9241-0f01aecaa718.png,"[0, 237, 4267, 2048]",left,right,0.658872414127521
56660170-99de-4a3e-bebb-d94fe42e1b9f,-0.0039008022,-0.0041914773,phs417_left,images_original/phs417__6.png,"[270, 817, 2522, 690]",left,right,0.6584042347847198
19a8a660-0a97-46c2-8eb1-c039aaa73f07,0.033965163,0.012851247,phs130_left,images_original/phs130__e8dda093-c4ef-46e9-acb7-efa778faa855.png,"[298, 262, 1712, 1464]",left,right,0.6583700366905074
51e4b3b0-ea10-43ed-916f-ddfda39065a6,-0.014644946,0.009503523,phs080_left,images_original/phs080__4.png,"[112, 1128, 3983, 1887]",left,right,0.6552736748863994
4f3f6427-cb6b-4ec9-bb95-bfd7acaeaf12,-0.017500162,-0.018811842,phs209_right,images_original/phs209__45de4d70-16df-4b5f-9822-be5839785509.png,"[0, 159, 1981, 1109]",right,left,0.6494962560578532
2bf04213-6a41-463c-9e12-bf15fe77485d,0.032189272,0.018765328,phs198_left,images_original/phs198__9be39043-e116-49cf-a139-64fe7f6d939b.png,"[234, 445, 3587, 3410]",left,right,0.6477655263003919
73e1e6e3-3900-45b1-a65f-ee209680caaf,-0.02415661,-0.009189185,phs022-left,images_original/phs022__13ece3ba-4225-48fb-a72c-22a50bbab4e5.png,"[888, 790, 875, 417]",left,right,0.6428956083161055
457e7b09-7785-4303-90fc-6730843a3822,0.033774752,0.023564734,phs130_left,images_original/phs130__82a930ae-7d51-42f6-97fc-bce9b6e9d140.png,"[0, 188, 1519, 1603]",left,right,0.6408285176315246
21ed0559-0b6f-4dc0-851e-655f47526fdc,-0.002655595,0.00706924,phs221_left,images_original/phs221__24.png,"[336, 603, 1641, 756]",left,right,0.6392200964085542
5b5878a0-c173-4579-8950-479339cc77e9,-0.0017240505,-0.0020940718,phs388_left,images_original/phs388__fdf541fc-5f93-4c7a-82cf-15267e31dd54.png,"[73, 198, 1916, 945]",left,right,0.6375064550386074
9bf08677-d1c7-4df6-9f0f-b84a281829b3,0.030720739,0.019774983,phs100_right,images_original/phs100__ef445f8c-9f53-48a1-8040-fa0feb764d66.png,"[0, 33, 963, 1306]",right,left,0.6367318932073328
83e8d63f-f248-448b-b094-57555f3a959b,0.032423105,0.020530883,phs219_right,images_original/phs219__30.png,"[872, 455, 1527, 1644]",right,left,0.6353306590718065
d403606d-4989-4881-bceb-5741c5335905,0.0056906943,-0.017450968,phs007_right,images_original/phs007__0.png,"[403, 647, 1594, 538]",right,left,0.6334286611376507
